{"Player":{"health":4,"defense ":1,"heal_count":2,"playerLocation":{"x":31899.874550439337,"y":3500.3738159999998,"z":1443.1509123434589}},"LevelName":"Test","TraiderPhrase":"1"}