{"Player":{"health":4,"defense ":1,"heal_count":2,"playerLocation":{"x":5458.5606543450476,"y":3500.3738159999998,"z":-26.850248721786844},"money":100},"LevelName":"Test","Objects":[],"TraiderPhrase":"1"}