{"Player":{"health":4,"defense ":1,"heal_count":2,"playerLocation":{"x":14948.641980253427,"y":3500.3738163913645,"z":-26.850478212217816}},"LevelName":"Test","TraiderPhrase":"1"}